,Cluster ID,X,Y,Z,Peak Stat,Cluster Size (mm3),p_uncor
0,1,-9,7,36,3.275608777999878,31,0.0005540088762522987
