,Cluster ID,X,Y,Z,Peak Stat,Cluster Size (mm3),p_uncor
0,1,57,-57,27,3.667529,31,0.00016235821574343173
1,2,57,-54,32,3.2089024,15,0.0007925016420493137
2,3,-27,-96,20,3.165328,15,0.000913694714709657
