,Cluster ID,X,Y,Z,Peak Stat,Cluster Size (mm3),p_uncor
0,1,-1,0,37,3.1842005252838135,31,0.000758991802337924
